{"mtx": [[740.000487833163, 0.0, 713.8475781511161], [0.0, 686.99438662146, 712.6682577725227], [0.0, 0.0, 1.0]], "dist": [[-0.1073197789401041, -0.023463643170938138, -0.005596367039274652, -0.007053906685202043, 0.004180178882056824]], "cam": "aria"}